existing,id,name,type1,type2,weight,height,genus,hp,level,stage,prev_evolution_name,next_evolution_name,ability_name,ability,move_1_name,move_1_cost,move_1_damage,move_1_symbol,move_1_description,move_2_name,move_2_cost,move_2_damage,move_2_symbol,move_2_description,retreat,artist,rarity,flavor_text
,1,bulbasaur,grass,poison,15.2,"2'04""",Seed Pokémon,60,21,1,None,ivysaur,,,Leech Seed,GG,20,,Heal 10 damage from this Pokemon.,,,,,,2,Ken Sugimori,1,"""There is a plant seed on its back right from the day this Pokémon is born. The seed slowly grows larger."""
,2,ivysaur,grass,poison,28.7,"3'03""",Seed Pokémon,90,34,2,bulbasaur,venusaur,,,Leech Seed,GG,30,,Heal 10 damage from this Pokemon.,Vine Whip,GGC,80,,,3,Ken Sugimori,2,"""There is a plant bulb on its back. When it absorbs nutrients, the bulb is said to blossom into a large flower."""
,3,venusaur,grass,poison,220.4,"6'06""",Seed Pokémon,150,50,3,ivysaur,None,Photosynthesis,All Energy attached to this Pokemon are Grass Energy instead of their usual type.,Power Whip,GGGG,120,,,,,,,,4,Ken Sugimori,3,"""A bewitching aroma wafts from its flower. The fragrance becalms those engaged in a battle."""
1,4,charmander,fire,None,18.7,"2'00""",Lizard Pokémon,60,20,1,None,charmeleon,,,Scratch,C,10,,,Ember,FC,30,,Discard a Fire Energy attached to this Pokemon.,1,Ken Sugimori,1,"""From the time it is born, a flame burns at the tip of its tail. Its life would end if the flame were to go out."""
1,5,charmeleon,fire,None,41.9,"3'07""",Flame Pokémon,80,34,2,charmander,charizard,,,Slash,CCC,50,,,Flamethrower,FFC,90,,Discard a Fire Energy attached to this Pokemon.,1,Ken Sugimori,2,"""It lashes about with its tail to knock down its foe. It then tears up the fallen opponent with sharp claws."""
1,6,charizard,fire,flying,199.5,"5'07""",Flame Pokémon,150,52,3,charmeleon,None,Energy Burn,All Energy attached to this Pokemon are Fire Energy instead of their usual type.,Fire Spin,FFFF,200,,Discard 3 Energy attached to this Pokemon.,,,,,,3,Ken Sugimori,3,"""Its wings can carry this Pokémon close to an altitude of 4,600 feet. It blows out fire at very high temperatures."""
,7,squirtle,water,None,19.8,"1'08""",Tiny Turtle Pokémon,60,21,1,None,wartortle,,,Bubble,W,10,,"Flip a coin. If heads, the Defending Pokemon is now Paralyzed.",Water Gun,WC ,20,,,1,Ken Sugimori,1,"""When it retracts its long neck into its shell, it squirts out water with vigorous force."""
,8,wartortle,water,None,49.6,"3'03""",Turtle Pokémon,90,34,2,squirtle,blastoise,,,Withdraw,C,0,,"Flip a coin. If heads, prevent all damage done to this Pokemon by attacks during your opponent’s next turn.",Waterfall,WWC,60,,,2,Ken Sugimori,2,"""This Pokémon is very popular as a pet. Its fur-covered tail is a symbol of its longevity."""
,9,blastoise,water,None,188.5,"5'03""",Shellfish Pokémon,150,51,3,wartortle,None,Rain Dance,All Energy attached to this Pokemon are Water Energy instead of their usual type.,Hydro Pump,WWWW,80,,This attack does 10 additional damage for each Water Energy attached to this Pokemon.,,,,,,3,Ken Sugimori,3,"""It crushes its foe under its heavy body to cause fainting. In a pinch, it will withdraw inside its shell."""
1,10,caterpie,bug,None,6.4,"1'00""",Worm Pokémon,40,8,1,None,metapod,,,string shot ,G,10,,"Flip a coin. If heads, your opponent’s active Pokemon is now Paralyzed.",,,,,,1,Ken Sugimori,1,"""It is covered with a green skin. When it grows, it sheds the skin, covers itself with silk, and becomes a cocoon."""
1,11,metapod,bug,None,21.8,"2'04""",Cocoon Pokémon,70,12,2,caterpie,butterfree,,,Stiffen,CC,0,,"During your opponent’s next turn, any damage done to this Pokemon by attacks is reduced by 40 (after applying Weakness and Resistance).",Stun Spore,GG,20,,"Flip a coin. If heads, your opponent’s Active Pokemon is now Paralyzed.",2,Ken Sugimori,2,"""Even though it is encased in a sturdy shell, the body inside is tender. It can't withstand a harsh attack."""
,12,butterfree,bug,flying,70.5,"3'07""",Butterfly Pokémon,120,36,3,metapod,None,,,Cure Powder,G,0,,Heal 30 damage from each of your Pokemon.,Whirlwind,GCC,60,,Your opponent switches the Defending Pokemon with 1 of his or her Benched Pokemon.,1,Ken Sugimori,3,"""The wings are protected by rain-repellent dust. As a result, this Pokémon can fly about even in rain."""
1,13,weedle,bug,poison,7.1,"1'00""",Hairy Bug Pokémon,40,9,1,None,kakuna,,,Poison Sting,G,10,,"Flip a coin. If heads, your opponent’s active Pokemon is now Poisoned.",,,,,,1,Ken Sugimori,1,"""Often found in forests and grasslands. It has a sharp, toxic barb of around two inches on top of its head."""
1,14,kakuna,bug,poison,22,"2'00""",Cocoon Pokémon,80,12,2,weedle,beedrill,,,Stiffen,CC,0,,"During your opponent’s next turn, any damage done to this Pokemon by attacks is reduced by 40 (after applying Weakness and Resistance).",Poison Powder,GG,20,,"Flip a coin. If heads, your opponent’s Active Pokemon is now Poisoned.",2,Ken Sugimori,2,"""This Pokémon is in a temporary stage while making its body. It is almost completely unable to move on its own."""
1,15,beedrill,bug,poison,65,"3'03""",Poison Bee Pokémon,120,36,3,kakuna,None,,,Poison Sting,G,30,,Your opponent’s Active Pokemon is now Poisoned.,Swarming Sting,GC,40,x,This attack does 40 damage times the number of Beedrill you have in play to 1 of your opponent’s Pokemon. (Don’t apply Weakness and Resistance for Benched Pokemon.),0,Ken Sugimori,3,"""May appear in a swarm. Flies at violent speeds, all the while stabbing with the toxic stinger on its rear."""
,16,pidgey,normal,flying,4,"1'00""",Tiny Bird Pokémon,50,14,1,None,pidgeotto,,,Peak Off,C,10,,"Before doing damage, discard all Pokemon Tool cards attached to your opponent’s Active Pokemon.",,,,,,1,Ken Sugimori,1,"""Does not like to fight. It hides in tall grass and so on, foraging for food such as small bugs."""
,17,pidgeotto,normal,flying,66.1,"3'07""",Bird Pokémon,80,27,2,pidgey,pidgeot,,,Gust,CC,30,,,,,,,,1,Ken Sugimori,2,"""The claws on its feet are well developed. It can carry prey such as an EXEGGCUTE to its nest over 60 miles away."""
,18,pidgeot,normal,flying,87.1,"4'11""",Bird Pokémon,130,45,3,pidgeotto,None,,,Clutch,CC,40,,The Defending Pokemon can’t retreat during your opponent’s next turn.,Strong Gust,CCC,60,,"During your next turn, this Pokemon’s Strong Gust attack does 60 more damage.",1,Ken Sugimori,3,"""It spreads its gorgeous wings widely to intimidate enemies. It races through the skies at Mach-2 speed."""
1,19,rattata,normal,None,7.7,"1'00""",Mouse Pokémon,40,16,1,None,raticate,Mischievous Fang ,"When you play this Pokémon from your hand onto your Bench, you may discard all Pokémon Tool cards attached to your opponent’s Active Pokémon. ",Bite,C,10,,,,,,,,1,Ken Sugimori,1,"""Its fangs are long and very sharp. They grow continuously, so it gnaws on hard things to whittle them down."""
1,20,raticate,normal,None,40.8,"2'04""",Mouse Pokémon,60,37,2,rattata,None,,,Crunch,C,10,,Discard an Energy attached to your opponent’s Active Pokemon.,Shadowy Bite,C,60,x,This attack does 60 damage times the number of Special Energy cards in your opponent’s discard pile.,1,Ken Sugimori,2,"""Its rear feet have three toes each. They are webbed, enabling it to swim across rivers."""
,21,spearow,normal,flying,4.4,"1'00""",Tiny Bird Pokémon,50,16,1,None,fearow,,,Peck,C,10,,,Mirror Move,CCC,0,,"If this Pokemon was attacked last turn, use that attack on the Defending Pokemon.",0,Ken Sugimori,1,"""It busily flits around here and there. Even if it is frail, it can be a tough foe that uses MIRROR MOVE."""
,22,fearow,normal,flying,83.8,"3'11""",Beak Pokémon,90,40,2,spearow,None,,,Drill Peck,CC,40,,,Mirror Move,CCC,0,,"If this Pokemon was attacked last turn, use that attack on the Defending Pokemon.",1,Ken Sugimori,2,"""Its huge and magnificent wings can keep it aloft in the sky. It can remain flying a whole day without landing."""
,23,ekans,poison,None,15.2,"6'06""",Snake Pokémon,50,18,1,None,arbok,,,Bite,C,10,,,Poison Sting,DD,20,,"Flip a coin. If heads, your opponent’s Active Pokemon is now Poisoned.",1,Ken Sugimori,1,"""A very common sight in grassland, etc. It flicks its tongue in and out to sense danger in its surroundings."""
,24,arbok,poison,None,143.3,"11'05""",Cobra Pokémon,90,39,2,ekans,None,Intimidating Pattern,"As long as this Pokémon is your Active Pokémon, your opponent’s Active Pokémon’s attacks do 30 less damage (before applying Weakness and Resistance).",Poison Jab,DCC,50,,Your opponent’s Active Pokemon is now Poisoned.,,,,,,3,Ken Sugimori,2,"""The pattern on its belly appears to be a frightening face. Weak foes will flee just at the sight of the pattern."""
1,25,pikachu,electric,None,13.2,"1'04""",Mouse Pokémon,60,24,1,pichu,raichu,,,Gnaw,C,10,,,Thunder Jolt,EC,30,,"Flip a coin. If tails, this Pokemon does 10 damage to itself.",1,Ken Sugimori,1,"""It has small electric sacs on both its cheeks. If threatened, it looses electric charges from the sacs."""
1,26,raichu,electric,None,66.1,"2'08""",Mouse Pokémon,100,45,2,pikachu,None,,,Energize,E,0,,Attach a Electric Energy card from your discard pile to this Pokemon.,Spark Bolt,EEC,70,+,"You may discard all Energy attached to this Pokemon. If you do, this attack does 70 more damage.",1,Ken Sugimori,2,"""Its electric charges can reach even 100,000 volts. Careless contact can cause even an Indian elephant to faint."""
1,27,sandshrew,ground,None,26.5,"2'00""",Mouse Pokémon,60,22,1,None,sandslash,,,Sand Attack,R,10,,"If the Defending Pokemon tries to attack during your opponent’s next turn, your opponent flips a coin. If tails, that attack does nothing.",,,,,,1,Ken Sugimori,1,"""It burrows and lives underground. If threatened, it curls itself up into a ball for protection."""
,28,sandslash,ground,None,65,"3'03""",Mouse Pokémon,90,42,2,sandshrew,None,,,Slash,R,20,,,Swift,CCC,80,,"This attack’s damage isn’t affected by Weakness, Resistance, or any other effects on your opponent’s Active Pokemon.",1,Ken Sugimori,2,"""It is adept at attacking with the spines on its back and its sharp claws while quickly scurrying about."""
,29,nidoran-f,poison,None,15.4,"1'04""",Poison Pin Pokémon,60,16,1,None,nidorina,,,Double Stab,D,10,x,Flip 2 coins. This attack does 10 damage times the number of heads.,,,,,,1,Ken Sugimori,1,"""Though small, it must be treated with caution because of its powerfully toxic barbs. The female has smaller horns."""
,30,nidorina,poison,None,44.1,"2'08""",Poison Pin Pokémon,90,29,2,nidoran-f,nidoqueen,,,Poison Sting,DC,20,,The defending pokemon is now Poisoned.,Double Kick,DCC,40,x,Flip 2 coins. This attack does 40 damage times the number of heads.,2,Ken Sugimori,2,"""The female has a gentle temperament. It emits ultrasonic cries that have the power to befuddle foes."""
,31,nidoqueen,poison,ground,132.3,"4'03""",Drill Pokémon,150,47,3,nidorina,None,,,Poison Jab,D,39,,The defending pokemon is now Poisoned.,Double Stomp,DCC,60,+,Flip 2 coins. This attack does 30 more damage for each heads.,3,Ken Sugimori,3,"""The body is covered by stiff, needle- like scales. If it becomes excited, the needles bristle outwards."""
1,32,nidoran-m,poison,None,19.8,"1'08""",Poison Pin Pokémon,60,16,1,None,nidorino,,,Double Stab,D,10,x,Flip 2 coins. This attack does 10 damage times the number of heads.,,,,,,1,Ken Sugimori,1,"""Its large ears are flapped like wings when it is listening to distant sounds. It extends toxic barbs when angered."""
1,33,nidorino,poison,None,43,"3'00""",Poison Pin Pokémon,90,30,2,nidoran-m,nidoking,,,Horn Attack,D,20,,,Fury Attack,CCC,30,x,Flip 3 coins. This attack does 30 damage times the number of heads.,2,Ken Sugimori,2,"""It is easily angered. By swinging its well- developed horn wildly, it can even punch through diamond."""
1,34,nidoking,poison,ground,136.7,"4'07""",Drill Pokémon,150,48,3,nidorino,None,,,Rumble,DC,40,,The Defending Pokemon can’t retreat during your opponent’s next turn.,Tail Swing,DDC,100,,This attack does 20 damage to each of your opponent’s Benched Pokemon. (Don’t apply Weakness and Resistance for Benched Pokemon.),3,Ken Sugimori,3,"""It is recognized by its rock-hard hide and its extended horn. Be careful with the horn as it contains venom."""
1,35,clefairy,fairy,None,16.5,"2'00""",Fairy Pokémon,40,22,1,cleffa,clefable,,,Sing ,C,0,,"Flip a coin. If heads, your opponent’s active Pokemon is now Asleep.",Metronome,CCC,0,,Choose 1 of your opponent’s Active Pokemon’s attacks and use it as this attack.,1,Ken Sugimori,1,"""Its adorable appearance makes it popular as a pet. However, it is rare and difficult to find."""
,36,clefable,fairy,None,88.2,"4'03""",Fairy Pokémon,90,43,2,clefairy,None,,,Metronome,CC,0,,Choose 1 of your opponent’s Active Pokemon’s attacks and use it as this attack.,Minimize,PC,0,,"During your opponent’s next turn, any damage done to this Pokemon by attacks is reduced by 40 (after applying Weakness and Resistance).",2,Ken Sugimori,2,"""It has an acute sense of hearing. It can easily hear a pin being dropped nearly 1,100 yards away."""
1,37,vulpix,fire,None,21.8,"2'00""",Fox Pokémon,60,19,1,None,ninetales,,,Confuse Ray,FF,20,,"Flip a coin. If heads, your opponent’s active Pokemon is now Confused.",,,,,,1,Ken Sugimori,1,"""While young, it has six gorgeous tails. When it grows, several new tails are sprouted."""
1,38,ninetales,fire,None,43.9,"3'07""",Fox Pokémon,100,46,2,vulpix,None,,,Lure,F,0,,Switch 1 of your opponent’s Benched Pokemon with his or her Active Pokemon. The new Active Pokemon can’t retreat during your opponent’s next turn.,Fire Blast,FFC,120,,Discard a F Energy attached to this Pokemon.,1,Ken Sugimori,2,"""It has nine long tails and fur that  gleams gold. It is said to live for  1,000 years."""
,39,jigglypuff,normal,fairy,12.1,"1'08""",Balloon Pokémon,40,21,1,igglybuff,wigglytuff,,,Lullaby,C,0,,The Defending Pokemon is now Asleep.,Pound,CC,20,,,1,Ken Sugimori,1,"""It captivates foes with its huge, round eyes, then lulls them to sleep by singing a soothing melody."""
,40,wigglytuff,normal,fairy,26.5,"3'03""",Balloon Pokémon,90,42,2,jigglypuff,None,,,Lullaby,C,0,,The Defending Pokemon is now Asleep.,Double Slap,CCC,60,x,Flip 2 coins. This attack does 60 damage times the number of heads.,2,Ken Sugimori,2,"""Its fur is extremely fine, dense, and supple. The exquisitely pleasant fur conveys an image of luxury."""
,41,zubat,poison,flying,16.5,"2'08""",Bat Pokémon,40,13,1,None,golbat,,,Supersonic,D,0,,"Flip a coin. If heads, the Defending Pokemon is now Confused.",Leech Life,DC,20,,Heal 10 damage from this Pokemon.,1,Ken Sugimori,1,"""It has no eyes. Instead, it relies on its ultrasonic cries for echo location to flit about in darkness."""
,42,golbat,poison,flying,121.2,"5'03""",Bat Pokémon,100,40,2,zubat,crobat,,,Supersonic,D,0,,The Defending Pokemon is now Confused.,Wing Attack,CCC,50,,,0,Ken Sugimori,2,"""It clamps down on its prey with needle- sharp fangs and drains over 10 ounces of blood in one gulp."""
,43,oddish,grass,poison,11.9,"1'08""",Weed Pokémon,40,23,1,None,gloom,,,Poison Powder,G,10,,"Flip a coin. If heads, the Defending Pokemon is now Poisoned.",Sprout,GG,0,,Search your deck for a Basic Pokemon named Oddish and put it onto your Bench. Shuffle your deck afterward.,1,Ken Sugimori,1,"""Its scientific name is 'Oddium Wanderus.' At night, it is said to walk nearly 1,000 feet on its two roots."""
,44,gloom,grass,poison,19,"2'08""",Weed Pokémon,80,34,2,oddish,vileplume,,,Foul Odor,CC,0,,Both this Pokemon and the Defending Pokemon are now Confused.,Poisonpowder,GCC,40,,The Defending Pokemon is now Poisoned.,1,Ken Sugimori,2,"""Its pistils exude an incredibly foul odor. The horrid stench can cause fainting at a distance of 1.25 miles."""
,45,vileplume,grass,poison,41,"3'11""",Flower Pokémon,140,48,3,gloom,None,Allergy Panic,Apply Weakness for each Pokemon (both yours and your opponent’s) as x4 instead.,Pollen Spray,GCCC,50,,The Defending Pokemon is now Asleep and Poisoned.,,,,,,3,Ken Sugimori,3,"""Its petals are the largest in the world. It fiendishly scatters allergy-causing pollen from its petals."""
,46,paras,bug,grass,11.9,"1'00""",Mushroom Pokémon,60,18,1,None,parasect,,,Scratch,C,10,,,Spore,GG,0,,The Defending Pokemon is now Asleep.,1,Ken Sugimori,1,"""Growing out of the bug's back are mushrooms called tochukaso. The mushrooms grow with the bug host."""
,47,parasect,bug,grass,65,"3'03""",Mushroom Pokémon,100,35,2,paras,None,,,Spore,GG,0,,The Defending Pokemon is now Asleep.,Mushroom Drain,GGC,70,,Heal 30 damage from this Pokemon.,2,Ken Sugimori,2,"""It scatters toxic spores from the mushroom cap. In China, the spores are used as herbal medicine."""
,48,venonat,bug,poison,66.1,"3'03""",Insect Pokémon,40,20,1,None,venomoth,,,Leech Life,G,10,,Heal 10 damage from this Pokemon.,Supersonic,GC,10,,"Flip a coin. If heads, your opponent’s Active Pokemon is now Confused.",1,Ken Sugimori,1,"""Its eyes act as radar, enabling it to be active in darkness. The eyes can also shoot powerful beams."""
,49,venomoth,bug,poison,27.6,"4'11""",Poison Moth Pokémon,90,40,2,venonat,None,Protective Dust,"Prevent all effects of attacks, except damage, done to Venomoth by your opponent’s Pokemon.",Noxious Scales,GGC,50,,Your opponent’s Active Pokémon is now Confused and Poisoned. ,,,,,,1,Ken Sugimori,2,"""The wings are covered with dustlike scales. Every time it flaps its wings, it looses highly toxic dust."""
1,50,diglett,ground,None,1.8,"0'08""",Mole Pokémon,40,18,1,None,dugtrio,Submerge,"As long as this Pokemon is on your Bench, prevent all damage done to this Pokemon by attacks (both yours and your opponent’s).",Dig Through,RC,0,,This attack does 30 damage to 1 of your opponent’s Benched Pokemon. (Don’t apply Weakness and Resistance for Benched Pokemon.),,,,,,1,Ken Sugimori,1,"""It burrows through the ground at a shallow depth. It leaves raised earth in its wake, making it easy to spot."""
1,51,dugtrio,ground,None,73.4,"2'04""",Mole Pokémon,90,40,2,diglett,None,,,Slash,CC,40,,,Earthquake,RRR,130,,This attack does 20 damage to each of your Benched Pokemon. (Don’t apply Weakness and Resistance for Benched Pokemon.),1,Ken Sugimori,2,"""In battle, it digs through the ground and strikes the unsuspecting foe from an unexpected direction."""
,52,meowth,normal,None,9.3,"1'04""",Scratch Cat Pokémon,70,21,1,None,persian,,,Scratch,C,10,,,Pay Day,CC,20,,"Flip a coin. If heads, draw a card.",1,Ken Sugimori,1,"""All it does is sleep during the daytime. At night, it patrols its territory with its eyes aglow."""
,53,persian,normal,None,70.5,"3'03""",Classy Cat Pokémon,90,41,2,meowth,None,,,Pay Day,C,30,,Draw a card.,Slash,CCC,60,,,1,Ken Sugimori,2,"""Has a vicious temperament. Beware if it raises its tail straight up. It is a signal that it is about to pounce and bite."""
,54,psyduck,water,None,43.2,"2'08""",Duck Pokémon,40,22,1,None,golduck,,,Overthink,C,0,,"During your opponent’s next turn, whenever they flip a coin, treat it as tails.",Water Gun,W,10,,,1,Ken Sugimori,1,"""It is constantly wracked by a headache. When the headache turns intense, it begins using mysterious powers."""
,55,golduck,water,None,168.9,"5'07""",Duck Pokémon,90,45,2,psyduck,None,,,Psybeam,C,10,,The Defending Pokemon is now Confused.,Surf,WWC,60,,,1,Ken Sugimori,2,"""The forelegs are webbed, helping to make it an adept swimmer. It can be seen swimming elegantly in lakes, etc."""
,56,mankey,fighting,None,61.7,"1'08""",Pig Monkey Pokémon,60,21,1,None,primeape,,,Focus Energy,C,0,,"During your next turn, this Pokémon’s Flop attack’s base damage is 50. ",Flop,R,10,,,1,Ken Sugimori,1,"""Light and agile on its feet, and ferocious in temperament. When angered, it flies into an uncontrollable frenzy."""
,57,primeape,fighting,None,70.5,"3'03""",Pig Monkey Pokémon,90,41,2,mankey,annihilape,,,Fury Swipes,CC,30,x,Flip 3 coins. This attack does 30 damage times the number of heads.,Karate Chop,RR,80,-,Does 80 damage minus 10 damage for each damage counter on this Pokemon.,1,Ken Sugimori,2,"""It is always outrageously furious. If it gives chase, it will tenaciously track the target no matter how far."""
1,58,growlithe,fire,None,41.9,"2'04""",Puppy Pokémon,70,25,1,None,arcanine,,,Hind Kick,C,10,,Switch this Pokemon with 1 of your Benched Pokemon.,Flare,FC,20,,,2,Ken Sugimori,1,"""Very friendly and faithful to people. It will try to repel enemies by barking and biting."""
1,59,arcanine,fire,None,341.7,"6'03""",Legendary Pokémon,130,52,2,growlithe,None,Burning Road,"Once during your turn (before your attack), if this Pokemon was on the Bench and became your Active Pokemon this turn, you may move any number of Fire Energy attached to your Pokemon to this Pokemon.",Scorching Breath,FFFC,150,,This Pokemon can’t attack during your next turn.,,,,,,2,Ken Sugimori,3,"""A Pokémon that is described in Chinese legends. It is said to race at an unbelievable speed."""
1,60,poliwag,water,None,27.3,"2'00""",Tadpole Pokémon,60,22,1,None,poliwhirl,,,Water Gun,WW,30,,,,,,,,1,Ken Sugimori,1,"""Its slick black skin is thin and damp. A part of its internal organs can be seen through the skin as a spiral pattern."""
1,61,poliwhirl,water,None,44.1,"3'03""",Tadpole Pokémon,80,33,2,poliwag,poliwrath,,,Amnesia,WW,30,,Choose 1 of your opponent’s Active Pokemon’s attacks. That Pokemon can’t use that attack during your opponent’s next turn.,Double Slap,WWC,50,x,Flip 2 coins. This attack does 50 damage times the number of heads.,1,Ken Sugimori,2,"""Its two legs are well developed. Even though it can live on the ground, it prefers living in water."""
1,62,poliwrath,water,fighting,119,"4'03""",Tadpole Pokémon,140,48,3,poliwhirl,None,,,Dashing Punch,W,50,,"If this Pokemon was on the Bench and became your Active Pokemon this turn, this attach does 50 more damage.",Whirlpool,WWW,80,,Discard an Energy attached to your opponent’s Active Pokemon.,2,Ken Sugimori,3,"""An adept swimmer, it knows the front crawl, butterfly, and more. It is faster than the best human swimmers."""
,63,abra,psychic,None,43,"3'00""",Psi Pokémon,30,24,1,None,kadabra,,,Teleport,Y,0,,Switch this Pokemon with 1 of your Benched Pokemon.,Psyshock,Y,10,,,1,Ken Sugimori,1,"""It sleeps for 18 hours a day. It uses a variety of extrasensory powers even while asleep."""
,64,kadabra,psychic,None,124.5,"4'03""",Psi Pokémon,70,38,2,abra,alakazam,,,Teleport Blast,YC,30,,Switch this Pokemon with 1 of your Benched Pokemon.,Super Psy,YYC,60,,,1,Ken Sugimori,2,"""It happened one morning - a boy with extrasensory powers awoke in bed transformed into KADABRA."""
,65,alakazam,psychic,None,105.8,"4'11""",Psi Pokémon,130,51,3,kadabra,None,,,Teleport Blast,YC,50,,Switch this Pokemon with 1 of your Benched Pokemon.,Mind Shock,YYC,110,,,2,Ken Sugimori,3,"""It does not like physical attacks very  much. Instead, it freely uses extra' sensory powers to defeat foes."""
1,66,machop,fighting,None,43,"2'08""",Superpower Pokémon,70,21,1,None,machoke,,,Dual Chop,RR,20,x,Flip 2 coins. This attack does 20 damage times the number of heads.,Submission,RRR,80,,This Pokemon does 20 damage to itself.,2,Ken Sugimori,1,"""Its whole body is composed of muscles. Even though it's the size of a human child, it can hurl 100 grown-ups."""
1,67,machoke,fighting,None,155.4,"4'11""",Superpower Pokémon,90,36,2,machop,machamp,,,Karate Chop,RR,60,-,,,,,,,2,Ken Sugimori,2,"""Its formidable body never gets tired. It helps people by doing work such as the moving of heavy goods."""
1,68,machamp,fighting,None,286.6,"5'03""",Superpower Pokémon,160,50,3,machoke,None,Counterattack,"If this Pokemon is your Active Pokemon and is damaged by an opponent’s attack (even if this Pokemon is Knocked Out), put 3 damage counters on the Attacking Pokemon.",Siesmic Toss,RRR,120,,,,,,,,2,Ken Sugimori,3,"""Its four ruggedly developed arms can launch a flurry of 1,000 punches in just two seconds."""
,69,bellsprout,grass,poison,8.8,"2'04""",Flower Pokémon,40,21,1,None,weepinbell,,,Vine Whip,G,10,,,,,,,,1,Ken Sugimori,1,"""Its bud looks like a human face. Because of the bud, it is rumored to be a type of legendary mandrake plant."""
,70,weepinbell,grass,poison,14.1,"3'03""",Flycatcher Pokémon,80,34,2,bellsprout,victreebel,,,Vine Whip,GC,20,,,Spit Poison,GCC,40,,Your opponent’s Active Pokemon is now Poisoned.,2,Ken Sugimori,2,"""The leafy parts act as cutters for slashing foes. It spits a fluid that dissolves everything."""
,71,victreebel,grass,poison,34.2,"5'07""",Flycatcher Pokémon,140,47,3,weepinbell,None,Fragrance Trap,"Once during your turn (before your attack), you may flip a coin. If heads, switch 1 of your opponent’s Benched Pokemon with their Active Pokemon.",Corrosive Acid,GGC,80,,"Flip a coin. If heads, your opponent’s active Pokemon is now Burned.",,,,,,3,Ken Sugimori,3,"""Lures prey into its mouth with a honeylike aroma. The helpless prey is melted with a dissolving fluid."""
,72,tentacool,water,poison,100.3,"3'00""",Jellyfish Pokémon,50,26,1,None,tentacruel,,,Wrap,W,10,,The Defending Pokemon can’t retreat during your opponent’s next turn.,,,,,,1,Ken Sugimori,1,"""Its eyes are as transparent as crystals. From them, it shoots mysterious beams of light."""
,73,tentacruel,water,poison,121.2,"5'03""",Jellyfish Pokémon,100,49,2,tentacool,None,,,Poison Sting,WC,40,,"Flip a coin. If heads, your opponent’s active Pokemon is now Poisoned.",Imprison,WWC,60,,The Defending Pokemon can’t retreat during your opponent’s next turn.,2,Ken Sugimori,2,"""It has 80 tentacles that move about freely. They can sting, causing poisoning and sharp, stabbing pain."""
,74,geodude,rock,ground,44.1,"1'04""",Rock Pokémon,60,23,1,None,graveler,,,Stone Barrage,R,10,x,Flip a coin until you get tails. This attack does 10 damage times the number of heads.,,,,,,2,Ken Sugimori,1,"""Its round form makes it easy to pick up. Some people have used them to hurl at each other in a snowball fight."""
,75,graveler,rock,ground,231.5,"3'03""",Rock Pokémon,100,36,2,geodude,golem,,,Double-Edge,CCC,60,,This pokemon does 20 damage to itself.,Rock Throw,RRCC,80,,,3,Ken Sugimori,2,"""Be careful while hiking on mountain trails. GRAVELER may come rolling down the path without slowing."""
,76,golem,rock,ground,661.3,"4'07""",Megaton Pokémon,140,49,3,graveler,None,,,Stone Edge,RRC,60,+,"Flip a coin. If heads, this attack does 30 more damage.",Explosion,RRCC,150,,This Pokemon does 150 damage to itself.,4,Ken Sugimori,3,"""It is enclosed in a hard shell that is as rugged as slabs of rock. It sheds skin once a year to grow larger."""
1,77,ponyta,fire,None,66.1,"3'03""",Fire Horse Pokémon,60,33,1,None,rapidash,,,Smash Kick,CC,20,,,Flame Tail,FF,30,,,1,Ken Sugimori,1,"""Its body is light, and its legs are incredibly powerful. It can clear Ayers Rock in one leap."""
,78,rapidash,fire,None,209.4,"5'07""",Fire Horse Pokémon,90,46,2,ponyta,None,,,Stomp,CC,40,,,Agility,FFC,60,,"Flip a coin. If heads, prevent all effects of attacks, including damage, done to this Pokemon during your opponent’s next turn.",1,Ken Sugimori,2,"""It can gallop at a top speed of 150 miles per hour. It can race as fast as a bullet train while ablaze."""
,79,slowpoke,water,psychic,79.4,"3'11""",Dopey Pokémon,70,23,1,None,slowbro,,,Big Yawn,C,0,,Both this Pokemon and the Defending Pokemon are now Asleep.,Water Gun,W,10,,,2,Ken Sugimori,1,"""It is always vacantly lost in thought, but no one knows what it is thinking about. It is good at fishing with its tail."""
,80,slowbro,water,psychic,173,"5'03""",Hermit Crab Pokémon,100,46,2,slowpoke,None,Strange Behavior,"As often as you like during your turn, you may move 1 damage counter from 1 of your other Pokemon to this Pokemon.",Lazy Headbutt,WC,60,,Heal all damage from this Pokemon and remove all Special Conditions. This pokemon is now Asleep.,,,,,,2,Ken Sugimori,2,"""When a SLOWPOKE went hunting in the sea, its tail was bitten by a SHELLDER. That made it evolve into SLOWBRO."""
1,81,magnemite,electric,steel,13.2,"1'00""",Magnet Pokémon,50,24,1,None,magneton,,,Thunder Wave,E,0,,"Flip a coin. If heads, your opponent’s active Pokemon is now Paralyzed.",Self-Destruct,EC,50,,This Pokemon does 50 damage to itself.,1,Ken Sugimori,1,"""It moves while constantly hovering. It discharges THUNDER WAVE and so on from the units at its sides."""
1,82,magneton,electric,steel,132.3,"3'03""",Magnet Pokémon,80,44,2,magnemite,magnezone,,,Thunder Wave,EC,30,,"Flip a coin. If heads, your opponent’s active Pokemon is now Paralyzed.",Self-Destruct,ECC,80,,This Pokemon does 80 damage to itself.,1,Ken Sugimori,2,"""A linked cluster formed of several MAGNEMITE. It discharges powerful magnetic waves at high voltage."""
1,83,farfetchd,normal,flying,33.1,"2'08""",Wild Duck Pokémon,70,29,1,None,sirfetchd,,,Leek Slap,C,50,,This Pokemon can’t use Leek Slap during your next turn.,Pot Smash,CCC,50,,,1,Ken Sugimori,1,"""It always walks about with a plant stalk clamped in its beak. The stalk is used for building its nest."""
1,84,doduo,normal,flying,86.4,"4'07""",Twin Bird Pokémon,60,23,1,None,dodrio,,,Fury Attack,C,10,x,Flip 3 coins. This attack does 10 damage times the number of heads.,,,,,,1,Ken Sugimori,1,"""A two-headed Pokémon that was discovered as a sudden mutation. It runs at a pace of over 60 miles per hour."""
,85,dodrio,normal,flying,187.8,"5'11""",Triple Bird Pokémon,100,44,2,doduo,None,Retreat Aid,"As long as this Pokemon is on your Bench, your Active pokemon’s Retreat Cost is 1 less.",Tri Attack,CC,20,x,Flip 3 coins. This attack does 20 damage times the number of heads.,,,,,,0,Ken Sugimori,2,"""An odd species that is rarely found. The three heads respectively represent joy, sadness, and anger."""
1,86,seel,water,None,198.4,"3'07""",Sea Lion Pokémon,80,22,1,None,dewgong,,,Growl,C,0,,"During your opponent’s next turn, any damage done by attacks from the Defending Pokemon is reduced by 20 (before applying Weakness and Resistance).",Headbutt,WC ,20,,,2,Ken Sugimori,1,"""Covered with light blue fur, its hide is thick and tough. It is active in bitter cold of minus 40 degrees Fahrenheit."""
1,87,dewgong,water,ice,264.5,"5'07""",Sea Lion Pokémon,120,42,2,seel,None,,,Super Deep Dive,W,0,,Heal 40 damage from this Pokemon. Switch this Pokemon with 1 of your Benched Pokemon.,Take Down,WCC,90,,This Pokemon does 20 damage to itself.,3,Ken Sugimori,2,"""Its body is covered with a pure white fur. The colder the weather, the more active it becomes."""
,88,grimer,poison,None,66.1,"3'00""",Sludge Pokémon,80,23,1,None,muk,,,Pound,C,10,,,Minimize,D,0,,"During your opponent’s next turn, any damage done to this Pokemon by attacks is reduced by 20 (after applying Weakness and Resistance).",2,Ken Sugimori,1,"""Sludge exposed to X rays from the moon transformed into GRIMER. It loves feeding on filthy things."""
,89,muk,poison,None,66.1,"3'11""",Sludge Pokémon,110,46,2,grimer,None,Toxic Gas,"As long as this pokemon is your active pokemon, ignore the effects of all Abilities.",Sludge,DDC,40,,The defending pokemon is now Poisoned.,,,,,,4,Ken Sugimori,2,"""It is usually undetectable because it blends in with the ground. Touching it can cause terrible poisoning."""
,90,shellder,water,None,8.8,"1'00""",Bivalve Pokémon,60,23,1,None,cloyster,,,Clamp,WC,30,,"Flip a coin. If heads, the defending pokemon is now paralyzed. If tails, this attack does nothing.",,,,,,2,Ken Sugimori,1,"""It is encased in a shell that is harder than diamond. Inside, however, it is surprisingly tender."""
,91,cloyster,water,ice,292.1,"4'11""",Bivalve Pokémon,100,55,2,shellder,None,,,Clamp Crush,WC,30,,"Flip a coin. If heads, the defending pokemon is now paralyzed.",Spike Cannon,WWC,30,x,Flip 5 coins. This attack does 30 damage times the number of heads.,3,Ken Sugimori,3,"""Its shell is extremely hard. It cannot be shattered, even with a bomb. The shell opens only when it is attacking."""
1,92,gastly,ghost,poison,0.2,"4'03""",Gas Pokémon,40,24,1,None,haunter,,,Little Grudge,Y,0,,"During your opponent’s next turn, if this pokemon is Knocked Out by damage from an attack, discard an energy attached to the attacking pokemon.",Nightmare,YC,20,,"Flip a coin. If heads, your opponent’s Active Pokemon is now Asleep.",1,Ken Sugimori,1,"""A being that exists as a thin gas. It can topple an Indian elephant by enveloping the prey in two seconds."""
1,93,haunter,ghost,poison,0.2,"5'03""",Gas Pokémon,70,37,2,gastly,gengar,,,Hypnosis,Y,0,,Your opponent’s Active Pokemon is now Asleep.,Dream Eater,YC,80,,"If your opponent’s Active pokemon is not Asleep, this attack does nothing.",1,Ken Sugimori,2,"""If you get the feeling of being watched in darkness when nobody is around, HAUNTER is there."""
,94,gengar,ghost,poison,89.3,"4'11""",Shadow Pokémon,130,50,3,haunter,None,Curse,"Once during your turn (before your attack), you may move 1 damage counter from 1 of your opponent’s Pokemon to another. This Abillity can’t be used if this pokemon is affected by a Special Condition.",Hypnoblast,YYC,90,,Your opponent’s Active Pokemon is now Asleep.,,,,,,1,Ken Sugimori,3,"""It is said to emerge from darkness to steal the lives of those who become lost in mountains."""
1,95,onix,rock,ground,462.9,"28'08""",Rock Snake Pokémon,100,36,1,None,steelix,,,Harden,R,0,,,Rock Throw,RR,40,,,3,Ken Sugimori,1,"""It usually lives underground. It searches for food while boring its way through the ground at 50 miles per hour."""
1,96,drowzee,psychic,None,71.4,"3'03""",Hypnosis Pokémon,60,24,1,None,hypno,,,Pound,C,10,,,Confuse Ray,YY,10,,Your opponent’s active pokemon is now confused.,2,Ken Sugimori,1,"""A descendent of the legendary animal baku, which is said to eat dreams. It is skilled at hypnotism."""
,97,hypno,psychic,None,166.7,"5'03""",Hypnosis Pokémon,80,45,2,drowzee,None,,,Prophecy,Y,0,,Look at up to 3 cards from the top of either player’s deck and rearrange them as you like.,Confusion,YYC,60,,Your opponent’s active pokemon is now confused.,2,Ken Sugimori,2,"""It carries a pendulum-like device. There once was an incident in which it took  away a child it hypnotized."""
,98,krabby,water,None,14.3,"1'04""",River Crab Pokémon,70,25,1,None,kingler,,,Crabhammer,WW,30,,,,,,,,1,Ken Sugimori,1,"""It can be found near the sea. The large pincers grow back if they are torn out of their sockets."""
,99,kingler,water,None,132.3,"4'03""",Pincer Pokémon,100,45,2,krabby,None,,,Guard Claw,W,20,,"During your opponent’s next turn, any damage done by attacks from the Defending Pokemon is reduced by 20 (before applying Weakness and Resistance).",Crabhammer,WWWC,100,,,3,Ken Sugimori,2,"""Its large and hard pincer has 10,000- horsepower strength. However, being so big, it is unwieldy to move."""
1,100,voltorb,electric,None,22.9,"1'08""",Ball Pokémon,60,26,1,None,electrode,,,Continuous Tumble,C,10,x,Flip a coin until you get tails. This attack does 10 damage times the number of heads.,,,,,,1,Ken Sugimori,1,"""A life-form whose identity is unknown. It is said to SCREECH or suddenly SELFDESTRUCT."""
1,101,electrode,electric,None,146.8,"3'11""",Ball Pokémon,80,49,2,voltorb,None,Buzzap Thunder,"Once during your turn (before your attack), you may Knock Out this Pokemon and attach it to one of your E Pokemon as a Special Energy card. This card provides 2 E Energy only while this card is attached to a Pokemon.",Head Bolt,EEC,70,,,,,,,,1,Ken Sugimori,2,"""It explodes in response to even minor stimuli. It is feared, with the nickname of 'The Bomb Ball.'"""
,102,exeggcute,grass,psychic,5.5,"1'04""",Egg Pokémon,30,23,1,None,exeggutor,Propagation,"Once during your turn (before your attack), if this pokemon is in your discard pile, you may put this pokemon into your hand.",Seed Bomb,GC,20,,,,,,,,2,Ken Sugimori,1,"""Even though it appears to be eggs of some sort, it was discovered to be a life- form more like plant seeds."""
,103,exeggutor,grass,psychic,264.5,"6'06""",Coconut Pokémon,110,51,2,exeggcute,None,,,Stomp,CC,30,,,Big Eggsplosion,GGC,40,+,Flip a number of coins equal to the number of Energy attached to this pokemon. This attack does 40 damage times the number of heads.,3,Ken Sugimori,3,"""It is called 'The Walking Tropical Rainforest.' Each of the nuts has a face and a will of its own."""
,104,cubone,ground,None,14.3,"1'04""",Lonely Pokémon,70,24,1,None,marowak,,,Beat,C,10,,,Bone Smash,RC,30,,"Flip a coin. If tails, this attack does nothing.",1,Ken Sugimori,1,"""It wears the skull of its dead mother on its head. When it becomes lonesome, it is said to cry loudly."""
,105,marowak,ground,None,99.2,"3'03""",Bone Keeper Pokémon,100,39,2,cubone,None,,,Sharpshooting,R,30,,This attack does 30 damage to 1 of your opponent’s pokemon. (Don’t apply weakness and resistance for benched pokemon.),Bonemerang,RR,60,x,Flip 2 coins. This attack does 60 damage times the number of heads.,2,Ken Sugimori,2,"""It is small and was originally very weak. Its temperament turned ferocious when it began using bones."""
,106,hitmonlee,fighting,None,109.8,"4'11""",Kicking Pokémon,90,40,1,tyrogue,None,,,Stretch Kick,R,30,,This attack does 30 damage to 1 of your opponent’s Benched Pokemon. (Don’t apply Weakness and Resistance for Benched Pokemon.),High Jump Kick,RRC,90,,,2,Ken Sugimori,2,"""The legs freely contract and stretch. The stretchy legs allow it to hit a distant foe with a rising kick."""
1,107,hitmonchan,fighting,None,110.7,"4'07""",Punching Pokémon,90,39,1,tyrogue,None,,,Jab,R,30,,,Special Punch,RRC,90,,,2,Ken Sugimori,2,"""The spirit of a pro boxer has infused this Pokémon. It throws punches that are faster than a bullet train."""
,108,lickitung,normal,None,144.4,"3'11""",Licking Pokémon,90,30,1,None,lickilicky,,,Lick,C,10,,"Flip a coin. If heads, the defending pokemon is now paralyzed.",Lick Wounds,CC,0,,Heal 20 damage from 1 of your Pokemon.,3,Ken Sugimori,1,"""Its tongue is twice the length of its body. It can be moved like an arm for grabbing food and attacking."""
1,109,koffing,poison,None,2.2,"2'00""",Poison Gas Pokémon,60,26,1,None,weezing,,,Foul Gas,DD,10,,"Flip a coin. If heads, your opponent’s active Pokemon is now Asleep. If tails, your opponent’s active pokemon is now confused.",,,,,,1,Ken Sugimori,1,"""Its thin, balloon-like body is inflated by horribly toxic gases. It reeks when it is nearby."""
,110,weezing,poison,None,20.9,"3'11""",Poison Gas Pokémon,90,47,2,koffing,None,,,Foul Gas,DD,20,,"Flip a coin. If heads, your opponent’s active Pokemon is now Asleep. If tails, your opponent’s active pokemon is now confused.",Selfdestruct,DDC,90,,This Pokemon does 90 damage to itself.,3,Ken Sugimori,2,"""Very rarely, a sudden mutation can result in two small KOFFING twins becoming conjoined as a WEEZING."""
,111,rhyhorn,ground,rock,253.5,"3'03""",Spikes Pokémon,80,26,1,None,rhydon,,,Horn Attack,RCC,40,,,,,,,,3,Ken Sugimori,1,"""Strong, but not too bright, this Pokémon can shatter even a skyscraper with its charging TACKLES."""
,112,rhydon,ground,rock,264.5,"6'03""",Drill Pokémon,100,46,2,rhyhorn,rhyperior,,,Take Down,RCC,50,,This pokemon does 10 damage to itself.,Horn Attack,RRCC,90,,,4,Ken Sugimori,2,"""It begins walking on its hind legs after evolution. It can punch holes through boulders with its horn."""
1,113,chansey,normal,None,76.3,"3'07""",Egg Pokémon,120,50,1,happiny,blissey,,,Scrunch,CC,0,,"Flip a coin. If heads, prevent all damage done to this Pokemon by attacks during your opponent’s next turn.",Double-Edge,CCCC,80,,This Pokemon does 80 damage to itself.,3,Ken Sugimori,2,"""It lays several eggs a day. The eggs are apparently rich in nutrients and extremely delicious."""
1,114,tangela,grass,None,77.2,"3'03""",Vine Pokémon,80,37,1,None,tangrowth,,,Bind,CC,20,,"Flip a coin. If heads, your opponent’s active Pokemon is now Paralyzed.",Poison Powder,GGG,30,,Your opponent’s Active Pokemon is now Poisoned.,2,Ken Sugimori,2,"""Blue plant vines cloak the Pokémon's identity in a tangled mass. It entangles anything that gets close."""
,115,kangaskhan,normal,None,176.4,"7'02""",Parent Pokémon,120,42,1,None,None,,,Fetch,C,0,,Draw a card.,Comet Punch,CCCC,30,x,Flip 4 coins. This attack does 30 damage times the number of of heads.,3,Ken Sugimori,2,"""The female raises its offspring in a pouch on its belly. It is skilled at attacking using COMET PUNCH."""
,116,horsea,water,None,17.6,"1'04""",Dragon Pokémon,50,19,1,None,seadra,,,Smokescreen,W,10,,"If the Defending Pokemon tries to attack during your opponent’s next turn, your opponent flips a coin. If tails, that attack does nothing.",,,,,,0,Ken Sugimori,1,"""It maintains balance using its tail, which is wound up like a coil. It may spray ink from its mouth."""
,117,seadra,water,None,55.1,"3'11""",Dragon Pokémon,80,39,2,horsea,kingdra,,,Smokescreen,W,20,,"If the Defending Pokemon tries to attack during your opponent’s next turn, your opponent flips a coin. If tails, that attack does nothing.",Surf,WWC,70,,,1,Ken Sugimori,2,"""Its body bristles with sharp spikes. Carelessly trying to touch it could cause fainting from the spikes."""
,118,goldeen,water,None,33.1,"2'00""",Goldfish Pokémon,50,22,1,None,seaking,,,Flail,C,10,x,This attack does 10 damage times the number of damage counters on this Pokemon.,Waterfall,W,10,,,1,Ken Sugimori,1,"""Its dorsal and pectoral fins are strongly developed like muscles. It can swim at a speed of five knots."""
,119,seaking,water,None,86,"4'03""",Goldfish Pokémon,90,40,2,goldeen,None,,,Waterfall,WC ,50,,,Horn Drill,CCC,,,"Flip 2 coins. If both are heads, the Defending Pokemon is Knocked Out.",1,Ken Sugimori,2,"""The horn on its head is sharp like a drill. It bores a hole in a boulder to make its nest."""
1,120,staryu,water,None,76.1,"2'08""",Star Shape Pokémon,60,26,1,None,starmie,,,Quick Blow,W,10,,"Flip a coin. If heads, this attack does 10 more damage.",,,,,,1,Ken Sugimori,1,"""It appears in large numbers by seashores. At night, its central core flashes with a red light."""
1,121,starmie,water,psychic,176.4,"3'07""",Mysterious Pokémon,90,49,2,staryu,None,Space Beacon,"Once during your turn (before your attack), you may discard a card from your hand. If you do, put 2 basic Energy cards from your discard pile into your hand. (You can’t choose a card you discarded with the effect of this Ability.)",Star Freeze,WC,30,,"Flip a coin. If heads, your opponent’s active Pokemon is now Paralyzed.",,,,,,1,Ken Sugimori,2,"""This Pokémon has a geometric body. Because of its body, the locals suspect that it is an alien creature."""
,122,Mr.Mime,psychic,fairy,120.1,"4'03""",Barrier Pokémon,70,41,1,mime-jr,mr-rime,Invisible Wall,"If an attack would deal 50 or more damage to this pokemon, you may prevent that damage. This Ability can’t be used if this pokemon is affected by a Special Condition.",Juggling,YC,10,x,Flip 4 coins. This attack does 10 damage times the number of heads.,,,,,,1,Ken Sugimori,2,"""It is adept at conning people. It is said to be able to create walls out of thin air by miming."""
,123,scyther,bug,flying,123.4,"4'11""",Mantis Pokémon,70,44,1,None,scizor,,,Cut,CC,20,,,Slashing Strike,GCC,60,,"During your next turn, this Pokemon can’t use this attack.",1,Ken Sugimori,2,"""It tears and shreds prey with its wickedly sharp scythes. It very rarely spreads its wings to fly."""
,124,jynx,ice,psychic,89.5,"4'07""",Human Shape Pokémon,70,39,1,smoochum,None,Victory Kiss,"Once during your turn (before your attack), if this pokemon is on your Bench, you may heal 10 damage from your Active pokemon.",Hug,YCC,30,,The Defending Pokemon can’t retreat during your opponent’s next turn.,,,,,,1,Ken Sugimori,2,"""It speaks using a language that sounds human. Research is under way to determine what is being said."""
1,125,electabuzz,electric,None,66.1,"3'07""",Electric Pokémon,70,42,1,elekid,electivire,,,Thunder Shock,E,10,,"Flip a coin. If heads, your opponent’s active Pokemon is now Paralyzed.",Thunder Punch,EC,30,+,"Flip a coin. If heads, this attack does 10 more damage. If tails, this Pokemon does 10 damage to itself.",1,Ken Sugimori,2,"""It loves to feed on strong electricity. It occasionally appears around large power plants and so on."""
1,126,magmar,fire,None,98.1,"4'03""",Spitfire Pokémon,70,42,1,magby,magmortar,,,Fire Punch,FF,30,,,Flamethrower,FFC,60,,Discard a Fire Energy attached to this Pokemon.,2,Ken Sugimori,2,"""Found near the mouth of a volcano. This fire-breather's body temperature is nearly 2,200 degrees Fahrenheit."""
,127,pinsir,bug,None,121.2,"4'11""",Stag Beetle Pokémon,90,45,1,None,None,,,Guillotine,GGC,60,,,Power Guillotine,GGC,100,,"Flip 2 coins. If either of them is tails, this attack has 30 base damage instead.",1,Ken Sugimori,2,"""Its two long pincer horns are powerful. Once they grip an enemy, they won't release until the foe is torn."""
,128,tauros,normal,None,194.9,"4'07""",Wild Bull Pokémon,110,43,1,None,None,,,Take Down,C,30,,This pokemon does 10 damage to itself.,Seething Anger,CCC,30,x,Flip a coin for each damage counter on this pokemon. This attack does 30 dmagae times the number of heads.,2,Ken Sugimori,2,"""When it is about to TACKLE, it whips its body repeatedly with its three long tails."""
1,129,magikarp,water,None,22,"3'00""",Fish Pokémon,30,11,1,None,gyarados,,,Flail,W,10,x,This attack does 10 damage times the number of damage counters on this Pokemon.,,,,,,1,Ken Sugimori,1,"""It is virtually worthless in terms of both power and speed. It is the most weak and pathetic Pokémon in the world."""
1,130,gyarados,water,flying,518,"21'02""",Atrocious Pokémon,130,52,2,magikarp,None,,,Bubble Beam,WWW,50,,"Flip a coin. If heads, your opponent’s active Pokemon is now Paralyzed.",Dragon Rage,WWWW,180,,"Flip 2 coins. If either of them is tails, this attack does nothing.",3,Ken Sugimori,3,"""It has an extremely aggressive nature. The HYPER BEAM it shoots from its mouth totally incinerates all targets."""
,131,lapras,water,ice,485,"8'02""",Transport Pokémon,120,48,1,None,None,,,Water Gun,W,10,,,Ice Beam,WWC,80,,,3,Ken Sugimori,3,"""Its high intelligence enables it to understand human speech. It likes to ferry people on its back."""
,132,ditto,normal,None,8.8,"1'00""",Transform Pokémon,50,17,1,None,None,Transform,"If Ditto is your Active Pokemon, treat it as if it were the same card as the Defending Pokemon, including type, Hit Points, Weakness, and so on, except Ditto can’t evolve, always has this Ability, and you may treat any Energy attached to Ditto as Energy of any type. This Abillity can’t be used if this pokemon is affected by a Special Condition.",,,,,,,,,,,1,Ken Sugimori,1,"""It can freely recombine its own cellular structure to transform into other life- forms."""
,133,eevee,normal,None,14.3,"1'00""",Evolution Pokémon,60,22,1,None,vaporeon,,,Growl,C,0,,"During your opponent’s next turn, any damage done by attacks from the Defending Pokemon is reduced by 20 (before applying Weakness and Resistance).",Quick Attack,CC,10,+,"Flip a coin. If heads, this attack does 10 more damage.",1,Ken Sugimori,1,"""An extremely rare Pokémon that may evolve in a number of different ways depending on stimuli."""
,134,vaporeon,water,None,63.9,"3'03""",Bubble Jet Pokémon,100,50,2,eevee,None,Aqua Effect,Each of your pokemon in play are now a Water type in addition to its other types.,Aqua Splash,WCC,70,,,,,,,,0,Ken Sugimori,3,"""Its body's cellular structure is similar to the molecular composition of water. It can melt invisibly in water."""
,135,jolteon,electric,None,54,"2'08""",Lightning Pokémon,90,50,2,eevee,None,Thunder Effect,Each of your pokemon in play are now an Electric type in addition to its other types.,Mach Bolt,EEC,80,,Discard an Energy attached to this Pokemon.,,,,,,1,Ken Sugimori,3,"""If it is angered or startled, the fur all over its body bristles like sharp needles that pierce foes."""
,136,flareon,fire,None,55.1,"3'00""",Flame Pokémon,100,50,2,eevee,None,Fire Effect,Each of your pokemon in play are now a Fire type in addition to its other types.,Flamethrower,FFC,80,,Discard an Energy attached to this Pokemon.,,,,,,1,Ken Sugimori,3,"""It has a flame bag inside its body. After inhaling deeply, it blows out flames of nearly 3,100 degrees Fahrenheit."""
1,137,porygon,normal,None,80.5,"2'08""",Virtual Pokémon,60,31,1,None,porygon2,,,Conversion 3,C,0,,,,,,,,1,Ken Sugimori,1,"""Using the most advanced technologies, scientists finally succeeded in making the first artificial Pokémon."""
,138,omanyte,rock,water,16.5,"1'04""",Spiral Pokémon,40,28,2,fossil,omastar,Exoskeleton,Any damage done to this Pokemon is reduced by 20.,Water Gun,W,30,,,,,,,,1,Ken Sugimori,1,"""A prehistoric Pokémon that lived in the primordial sea, it swims by twisting its 10 tentacles about."""
,139,omastar,rock,water,77.2,"3'03""",Spiral Pokémon,80,47,3,omanyte,None,Exoskeleton,Any damage done to this Pokemon is reduced by 20.,Hydro Pump,WC,60,,,,,,,,2,Ken Sugimori,2,"""Its tentacles are highly developed as if they are hands and feet. As soon as it ensnares prey, it bites."""
,140,kabuto,rock,water,25.4,"1'08""",Shellfish Pokémon,40,27,2,fossil,kabutops,Exoskeleton,Any damage done to this Pokemon is reduced by 20.,Scratch,C,10,,,,,,,,1,Ken Sugimori,1,"""This Pokémon was regenerated from the fossil of an ancient creature. It protects itself with a hard shell."""
,141,kabutops,rock,water,89.3,"4'03""",Shellfish Pokémon,140,46,3,kabuto,None,,,Cling,CC,50,,Heal from this Pokemon the same amount of damage done to your opponent’s Pokemon.,X-Scissor,RRC,80,+,"Flip a coin. If heads, this attack does 60 more damage.",2,Ken Sugimori,2,"""It swims freely through water. It catches prey with its scythe-like arms and drains the victim's fluids."""
,142,aerodactyl,rock,flying,130.1,"5'11""",Fossil Pokémon,90,46,2,fossil,None,Ancient Scream,Your pokemon’s attacks do 10 more damage to the active pokemon (before applying Weakness and Resistance).,Wing Attack,CCC,40,,,,,,,,1,Ken Sugimori,2,"""It was regenerated from a dinosaur's genetic matter that was found in amber. It flies with high-pitched cries."""
1,143,snorlax,normal,None,1014,"6'10""",Sleeping Pokémon,130,52,1,munchlax,None,,,Rest,C,0,,Heal all damage from this Pokemon and remove all Special Conditions. This pokemon is now Asleep.,Snore,CC,30,,You can only use this attack if this Pokemon is Asleep.,4,Ken Sugimori,3,"""It is not satisfied unless it eats over 880 pounds of food every day. When it is done eating, it goes promptly to sleep."""
,144,articuno,ice,flying,122.1,"5'07""",Freeze Pokémon,110,63,1,None,None,,,Freeze Dry,WWC,50,,"Flip a coin. If heads, your opponent’s Active Pokémon is now Paralyzed. ",Blizzard,WWWW,120,,"Flip a coin. If heads, this attack does 40 damage to each of your opponent’s Benched Pokemon. If tails, this attack does 40 damage to each of your own Benched Pokemon.",2,Ken Sugimori,3,"""One of the legendary bird Pokémon. With its long tail trailing behind, its flying form is magnificent."""
1,145,zapdos,electric,flying,116,"5'03""",Electric Pokémon,110,63,1,None,None,,,Thunder,EECC,90,,This Pokemon does 30 damage to itself.,Thunderbolt,EEEE,170,,Discard all Energy attached to this Pokemon.,2,Ken Sugimori,3,"""One of the legendary bird Pokémon. While it is flying, it makes crackling and snapping sounds."""
,146,moltres,fire,flying,132.3,"6'06""",Flame Pokémon,110,63,1,None,None,,,Wildfire,F,0,,"You may discard any number of Fire Energy cards attached to Moltres when you use this attack. If you do, discard that many cards from the top of your opponent’s deck.",Dive Bomb,FFFF,130,,"Flip a coin. If tails, this attack does nothing.",2,Ken Sugimori,3,"""One of the legendary bird Pokémon. Those seeing it are overwhelmed by its orange wings that seem to be on fire."""
,147,dratini,dragon,None,7.3,"5'11""",Dragon Pokémon,40,20,1,None,dragonair,,,Wrap,GE,20,,"Flip a coin. If heads, the defending pokemon is now paralyzed.",,,,,,1,Ken Sugimori,1,"""Even the young can exceed 6.5 feet in length. It grows larger by repeatedly shedding skin."""
,148,dragonair,dragon,None,36.4,"13'00""",Dragon Pokémon,80,37,2,dratini,dragonite,,,Shed Skin,G,0,,Heal 30 damage from this Pokemon.,Slam,GEC,60,,,2,Ken Sugimori,2,"""It is said to live in seas and lakes. Even though it has no wings, it has been seen flying occasionally."""
,149,dragonite,dragon,flying,462.9,"7'02""",Dragon Pokémon,150,61,3,dragonair,None,,,Hyper Beam,ECC,50,,"Flip a coin. If heads, discard an Energy attached to the Defending Pokemon.",Hurricane Tail,GCCC,60,x,Flip 4 coins. This attack does 60 damage times the number of heads.,3,Ken Sugimori,3,"""It can fly in spite of its big and bulky physique. It circles the globe in just 16 hours."""
1,150,mewtwo,psychic,None,268.9,"6'06""",Genetic Pokémon,130,75,1,None,None,,,Psychic,CC,20,+,This attack does 20 more damage for each Energy attached to your opponent’s Active Pokemon.,Barrier ,YY,0,,"During your opponent’s next turn, prevent all effects of attacks, including damage, done to this Pokemon. If 1 of your Pokemon used Barrier during your last turn, this attack can’t be used.",2,Ken Sugimori,3,"""A Pokémon whose genetic code was repeatedly recombined for research. It turned vicious as a result."""
1,151,mew,psychic,None,8.8,"1'04""",New Species Pokémon,40,9,1,None,None,Neutral Shield,"Prevent all effects of attacks, including damage, done to this Pokemon by your opponent’s Evolution Pokemon.",Psy Bolt,YC,30,,"Flip a coin. If heads, your opponent’s active Pokemon is now Paralyzed.",,,,,,1,Ken Sugimori,3,"""A Pokémon of South America that was thought to have been extinct. It is very intelligent and learns any move."""
,152,chikorita,grass,None,14.1,"3'00""",Leaf Pokémon,60,21,1,None,bayleef,,,Absorb,G,10,,Heal 10 damage from this Pokemon.,,,,,,1,Ken Sugimori,1,"""Its pleasantly aromatic leaves have the ability to check the humidity and temperature."""
,153,bayleef,grass,None,34.8,"3'11""",Leaf Pokémon,100,34,2,chikorita,meganium,,,Body Slam ,C,20,,"Flip a coin. If heads, your opponent’s active Pokemon is now Paralyzed.",Mega Drain,GGC,30,,Heal from this Pokemon the same amount of damage done to your opponent’s Pokemon.,2,Ken Sugimori,2,"""A spicy aroma emanates from around its neck. The aroma acts as a stimulant to restore health."""
,154,meganium,grass,None,221.5,"5'11""",Herb Pokémon,150,50,3,bayleef,None,Overgrow,"If this Pokemon ‘s remaining HP is 50 or less, its attacks do 70 more damage to your opponent’s Active Pokemon (before applying Weakness and Resistance).",Giga Drain,GGCC,50,,Heal from this Pokemon the same amount of damage done to your opponent’s Pokemon.,,,,,,3,Ken Sugimori,3,"""MEGANIUM's breath has the power to revive dead grass and plants. It can make them healthy again."""
,155,cyndaquil,fire,None,17.4,"1'08""",Fire Mouse Pokémon,60,20,1,None,quilava,,,Smokescreen,F,10,,"If the Defending Pokemon tries to attack during your opponent’s next turn, your opponent flips a coin. If tails, that attack does nothing.",,,,,,1,Ken Sugimori,1,"""It usually stays hunched over. If it is angry or surprised, it shoots flames out of its back."""
,156,quilava,fire,None,41.9,"3'00""",Volcano Pokémon,80,34,2,cyndaquil,typhlosion,,,Smokescreen,F,20,,"If the Defending Pokemon tries to attack during your opponent’s next turn, your opponent flips a coin. If tails, that attack does nothing.",Char,FFC,40,,"Flip a coin. If heads, your opponent’s Active Pokemon is now Burned.",2,Ken Sugimori,2,"""This Pokémon is fully covered by nonflammable fur. It can withstand any kind of fire attack."""
,157,typhlosion,fire,None,175.3,"5'07""",Volcano Pokémon,160,52,3,quilava,None,Blaze,"If this Pokemon ‘s remaining HP is 50 or less, its attacks do 70 more damage to your opponent’s Active Pokemon (before applying Weakness and Resistance).",Flame Burst,FFFC,130,,Both this Pokemon and the Defending Pokemon are now Burned.,,,,,,3,Ken Sugimori,3,"""It has a secret, devastating move. It rubs its blazing fur together to cause huge explosions."""
,158,totodile,water,None,20.9,"2'00""",Big Jaw Pokémon,60,21,1,None,croconaw,,,Fury Swipes,W,10,x,Flip 2 coins. This attack does 10 damage times the number of heads.,,,,,,1,Ken Sugimori,1,"""It is small but rough and tough. It won't hesitate to take a bite out of anything that moves."""
,159,croconaw,water,None,55.1,"3'07""",Big Jaw Pokémon,80,34,2,totodile,feraligatr,,,Wave Splash,WC,30,,,Crunch,WCC,50,,Discard an Energy attached to your opponent’s Active Pokemon.,2,Ken Sugimori,2,"""It opens its huge jaws wide when attacking. If it loses any fangs while biting, they grow back in."""
,160,feraligatr,water,None,195.8,"7'06""",Big Jaw Pokémon,150,51,3,croconaw,None,Torrent,"If this Pokemon ‘s remaining HP is 50 or less, its attacks do 70 more damage to your opponent’s Active Pokemon (before applying Weakness and Resistance).",Giant Wave,WWCC,160,,"During your next turn, this Pokemon can’t attack.",,,,,,3,Ken Sugimori,3,"""It is hard for it to support its own weight out of water, so it gets down on all fours. But it moves fast."""
,161,sentret,normal,None,13.2,"2'08""",Scout Pokémon,50,9,1,None,furret,,,Spy,C,0,,Look at the top 2 cards of your opponent’s deck. Put them back in the same order.,Tackle,C,10,,,1,Ken Sugimori,1,"""It stands on its tail so it can see a long way. If it spots an enemy, it cries loudly to warn its kind."""
,162,furret,normal,None,71.6,"5'11""",Long Body Pokémon,90,36,2,sentret,None,Scout,"Once during your turn (before your attack), you may use this ability. Look at the top card of your opponent’s deck.",Quick Attack,CC,40,+,"Flip a coin. If heads, this attack does 20 more damage.",,,,,,1,Ken Sugimori,2,"""There is no telling where its tail begins. Despite its short legs, it is quick at hunting RATTATA."""
,163,hoothoot,normal,flying,46.7,"2'04""",Owl Pokémon,60,16,1,None,noctowl,Insomnia,This Pokémon can’t be Asleep. ,Peck,C,10,,,,,,,,1,Ken Sugimori,1,"""It has a perfect sense of time. Whatever happens, it keeps rhythm by precisely tilting its head in time."""
,164,noctowl,normal,flying,89.9,"5'03""",Owl Pokémon,90,41,2,hoothoot,None,Insomnia,This Pokémon can’t be Asleep. ,Fly,CCC,50,,"Flip a coin. If tails, this attack does nothing. If heads, prevent all effects of attacks, including damage, done to this Pokemon during your opponent’s next turn.",,,,,,1,Ken Sugimori,2,"""When it needs to think, it rotates its head 180 degrees to sharpen its intellectual power."""
,165,ledyba,bug,flying,23.8,"3'03""",Five Star Pokémon,60,17,1,None,ledian,,,Ram,G,10,,,Comet Punch,CC,10,x,Flip 4 coins. This attack does 10 damage times the number of of heads.,1,Ken Sugimori,1,"""When the weather turns cold, numerous LEDYBA gather from everywhere to cluster and keep each other warm."""
,166,ledian,bug,flying,78.5,"4'07""",Five Star Pokémon,90,36,2,ledyba,None,,,Tackle,C,30,,,Baton Pass,GG,50,,"You may switch this Pokemon with 1 of your Benched Pokemon. If you do, move as many Energy cards attached to this Pokemon as you like to the new Active Pokemon.",1,Ken Sugimori,2,"""The star patterns on its back grow larger or smaller depending on the number of stars in the night sky."""
,167,spinarak,bug,poison,18.7,"1'08""",String Spit Pokémon,50,15,1,None,ariados,,,string shot ,G,10,,"Flip a coin. If heads, your opponent’s active Pokemon is now Paralyzed.",,,,,,1,Ken Sugimori,1,"""It spins a web using fine--but durable-- thread. It then waits patiently for prey to be trapped."""
,168,ariados,bug,poison,73.8,"3'07""",Long Leg Pokémon,70,35,2,spinarak,None,Poisonous Nest,"Once during your turn (before your attack), you may use this ability. Both active pokemon, except for Grass pokemon, are now poisoned.",Impound,GC,30,,The Defending Pokemon can’t retreat during your opponent’s next turn.,,,,,,1,Ken Sugimori,2,"""A single strand of a special string is endlessly spun out of its rear. The string leads back to its nest."""
,169,crobat,poison,flying,165.3,"5'11""",Bat Pokémon,130,53,3,golbat,None,,,Supersonic,D,20,,The Defending Pokemon is now Confused.,Cross Attack,DCC,30,x,Flip 4 coins. This attack does 30 damage times the number of of heads.,0,Ken Sugimori,3,"""The development of wings on its legs enables it to fly fast but also makes it tough to stop and rest."""
,170,chinchou,electric,water,26.5,"1'08""",Angler Pokémon,60,24,1,None,lanturn,,,Positive Ion,E,10,+,"Flip a coin. If heads, this attack does 10 more damage.",Negative Ion,W,10,,"During your opponent’s next turn, any damage done to this Pokemon by attacks is reduced by 10 (after applying Weakness and Resistance).",1,Ken Sugimori,1,"""On the dark ocean floor, its only means of communication is its constantly flashing lights."""
,171,lanturn,electric,water,49.6,"3'11""",Light Pokémon,100,44,2,chinchou,None,Hydroelectric Power,This Pokémon’s attacks do an additional 10 damage for each Water Energy attached to this Pokemon.,Floodlight,EEC,50,,"Flip a coin. If heads, the Defending Pokemon is now Paralyzed.",,,,,,2,Ken Sugimori,2,"""It blinds prey with an intense burst of light, then swallows the immobilized prey in a single gulp."""
,172,pichu,electric,None,4.4,"1'00""",Tiny Mouse Pokémon,30,5,0,None,pikachu,,,,,,,,,,,,,,Ken Sugimori,2,"""Despite its small size, it can zap even adult humans. However, if it does so, it also surprises itself."""
,173,cleffa,fairy,None,6.6,"1'00""",Star Shape Pokémon,30,5,0,None,clefairy,,,,,,,,,,,,,,Ken Sugimori,2,"""When numerous meteors illuminate the night sky, sightings of CLEFFA strangely increase."""
,174,igglybuff,normal,fairy,2.2,"1'00""",Balloon Pokémon,30,5,0,None,jigglypuff,,,,,,,,,,,,,,Ken Sugimori,2,"""Its extremely flexible and elastic body makes it bounce continuously--anytime, anywhere."""
,175,togepi,fairy,None,3.3,"1'00""",Spike Ball Pokémon,40,8,1,None,togetic,,,,,,,,,,,,,,Ken Sugimori,2,"""A proverb claims that happiness will come to anyone who can make a sleeping TOGEPI stand up."""
,176,togetic,fairy,flying,7.1,"2'00""",Happiness Pokémon,80,33,2,togepi,togekiss,,,,,,,,,,,,,,Ken Sugimori,1,"""It grows dispirited if it is not with kind people. It can float in midair without moving its wings."""
,177,natu,psychic,flying,4.4,"0'08""",Tiny Bird Pokémon,50,22,1,None,xatu,Mirror Coat,"If this Pokemon is Burned or Poisoned by an opponent’s attack (even if it is Knocked Out), the Attacking Pokémon is now affected by the same Special Conditions. ",Peck,C,10,,,,,,,,1,Ken Sugimori,1,"""It usually forages for food on the ground but may, on rare occasions, hop onto branches to peck at shoots."""
,178,xatu,psychic,flying,33.1,"4'11""",Mystic Pokémon,100,42,2,natu,None,Mirror Coat,"If this Pokemon is Burned or Poisoned by an opponent’s attack (even if it is Knocked Out), the Attacking Pokémon is now affected by the same Special Conditions. ",Confuse Ray,YC,30,,"Flip a coin. If heads, your opponent’s active Pokemon is now Confused.",,,,,,1,Ken Sugimori,2,"""In South America, it is said that its right eye sees the future and its left eye views the past."""
,179,mareep,electric,None,17.2,"2'00""",Wool Pokémon,60,18,1,None,flaaffy,,,Thunder Wave,C,0,,"Flip a coin. If heads, the Defending Pokemon is now Paralyzed.",Tackle,CE,20,,,1,Ken Sugimori,1,"""Its fleece grows continually. In the summer, the fleece is fully shed, but it grows back in a week."""
,180,flaaffy,electric,None,29.3,"2'08""",Wool Pokémon,80,30,2,mareep,ampharos,,,Ram,C,20,,,Thunder Shock,CCE,50,,"Flip a coin. If heads, the Defending Pokemon is now Paralyzed.",1,Ken Sugimori,2,"""Its fluffy fleece easily stores electricity. Its rubbery hide keeps it from being electrocuted."""
,181,ampharos,electric,None,135.6,"4'07""",Light Pokémon,140,50,3,flaaffy,None,,,Gigavolt,CCCE,100,+,"Flip a coin. If heads, the Defending Pokemon is now Paralyzed. If tails, this attack does 40 more damage.",,,,,,2,Ken Sugimori,3,"""The bright light on its tail can be seen far away. It has been treasured since ancient times as a beacon."""
,182,bellossom,grass,None,12.8,"1'04""",Flower Pokémon,140,47,3,gloom,None,,,,,,,,,,,,,,Ken Sugimori,3,"""Plentiful in the tropics. When it dances, its petals rub together and make a pleasant ringing sound."""
,183,marill,water,fairy,18.7,"1'04""",Aqua Mouse Pokémon,,15,1,azurill,azumarill,,,,,,,,,,,,,,Ken Sugimori,1,"""The end of its tail serves as a buoy that keeps it from drowning, even in a vicious current."""
,184,azumarill,water,fairy,62.8,"2'08""",Aqua Rabbit Pokémon,,38,2,marill,None,,,,,,,,,,,,,,Ken Sugimori,2,"""When it plays in water, it rolls up its elongated ears to prevent their insides from getting wet."""
,185,sudowoodo,rock,None,83.8,"3'11""",Imitation Pokémon,,35,1,bonsly,None,,,,,,,,,,,,,,Ken Sugimori,1,"""It disguises itself as a tree to avoid attack. It hates water, so it will disappear if it starts raining."""
,186,politoed,water,None,74.7,"3'07""",Frog Pokémon,,48,3,poliwhirl,None,,,,,,,,,,,,,,Ken Sugimori,3,"""Whenever three or more of these get together, they sing in a loud voice that sounds like bellowing."""
,187,hoppip,grass,flying,1.1,"1'04""",Cottonweed Pokémon,,14,1,None,skiploom,,,,,,,,,,,,,,Ken Sugimori,1,"""Its body is so light, it must grip the ground firmly with its feet to keep from being blown away."""
,188,skiploom,grass,flying,2.2,"2'00""",Cottonweed Pokémon,,28,2,hoppip,jumpluff,,,,,,,,,,,,,,Ken Sugimori,2,"""It spreads its petals to absorb sunlight. It also floats in the air to get closer to the sun."""
,189,jumpluff,grass,flying,6.6,"2'08""",Cottonweed Pokémon,,45,3,skiploom,None,,,,,,,,,,,,,,Ken Sugimori,3,"""It drifts on seasonal winds and spreads its cotton-like spores all over the world  to make more offspring."""
,190,aipom,normal,None,25.4,"2'08""",Long Tail Pokémon,,28,1,None,ambipom,,,,,,,,,,,,,,Ken Sugimori,1,"""It lives atop tall trees. When leaping from branch to branch, it deftly uses its tail for balance."""
,191,sunkern,grass,None,4,"1'00""",Seed Pokémon,40,6,1,None,sunflora,,,Seed Bomb,GC,20,,,,,,,,1,Ken Sugimori,1,"""It lives by drinking only dewdrops from under the leaves of plants. It is said that it eats nothing else."""
,192,sunflora,grass,None,18.7,"2'08""",Sun Pokémon,100,38,2,sunkern,None,,,Absorb Sunlight,C,0,,Attach up to 2 Grass Energy cards from your hand to 1 of your Grass Pokemon.,Solarbeam,GGGC,140,,This Pokemon can’t use this attack during your next turn.,2,Ken Sugimori,2,"""In the daytime, it rushes about in a hectic manner, but it comes to a complete stop when the sun sets."""
,193,yanma,bug,flying,83.8,"3'11""",Clear Wing Pokémon,70,31,1,None,yanmega,,,Air Slash,CCC,40,,,,,,,,1,Ken Sugimori,1,"""Its large eyes can scan 360 degrees. It looks in all directions to seek out insects as its prey."""
,194,wooper,water,ground,18.7,"1'04""",Water Fish Pokémon,60,10,1,None,quagsire,,,,,,,,,,,,,,Ken Sugimori,1,"""When it walks around on the ground, it coats its body with a slimy, poisonous film."""
,195,quagsire,water,ground,165.3,"4'07""",Water Fish Pokémon,120,38,2,wooper,None,,,,,,,,,,,,,,Ken Sugimori,2,"""Due to its relaxed and carefree attitude, it often bumps its head on boulders and boat hulls as it swims."""
,196,espeon,psychic,None,58.4,"3'00""",Sun Pokémon,90,50,2,eevee,None,Psychic Effect,Each of your pokemon in play are now a Psychic type in addition to its other types.,Psybeam,YYC,50,,"Flip a coin. If heads, the Defending Pokemon is now Confused.",,,,,,1,Ken Sugimori,3,"""By reading air currents, it can predict things such as the weather or its foe's next move."""
,197,umbreon,dark,None,59.5,"3'03""",Moonlight Pokémon,100,50,2,eevee,None,Moonlight Effect,Each of your pokemon in play are now a Dark type in addition to its other types.,Feint Attack,DDC,60,,"This attack’s damage isn’t affected by Weakness, Resistance, or any other effects on your opponent’s Active Pokemon.",,,,,,1,Ken Sugimori,3,"""When darkness falls, the rings on its body begin to glow, striking fear in the hearts of anyone nearby."""
,198,murkrow,dark,flying,4.6,"1'08""",Darkness Pokémon,,32,1,None,honchkrow,,,,,,,,,,,,,,Ken Sugimori,1,"""It is said that when chased, it lures its attacker onto dark mountain trails where the foe will get lost."""
,199,slowking,water,psychic,175.3,"6'06""",Royal Pokémon,100,46,2,slowpoke,None,Royal Flash,"Once during your turn (before your attack), you may flip a coin. If heads, move an Energy from your opponent’s Active pokemon to 1 of his or her Benched Pokemon.",Psych Up,WC,40,,"During your next turn, this pokemon’s Psych Up attack does 40 more damage.",,,,,,2,Ken Sugimori,2,"""When its head was bitten, toxins entered SLOWPOKE's head and unlocked an extraordinary power."""
,200,misdreavus,ghost,None,2.2,"2'04""",Screech Pokémon,,35,1,None,mismagius,,,,,,,,,,,,,,Ken Sugimori,2,"""It loves to bite and yank people's hair from behind without warning, just to see their shocked reactions."""
,201,unown,psychic,None,11,"1'08""",Symbol Pokémon,40,24,1,None,None,,,Hidden Power,C,10,,,,,,,,1,Ken Sugimori,1,"""Its flat, thin body is always stuck on walls. Its shape appears to have some meaning."""
,202,wobbuffet,psychic,None,62.8,"4'03""",Patient Pokémon,100,40,1,wynaut,None,,,Countercharge,YC,,,"Flip a coin. If heads, move all damage counters from this Pokemon to the Defending Pokemon.",,,,,,3,Ken Sugimori,1,"""To keep its pitch-black tail hidden, it lives quietly in the darkness. It is never first to attack."""
,203,girafarig,normal,psychic,91.5,"4'11""",Long Neck Pokémon,,37,1,None,farigiraf,,,,,,,,,,,,,,Ken Sugimori,2,"""Its tail, which also contains a small brain, may bite on its own if it notices an alluring smell."""
,204,pineco,bug,None,15.9,"2'00""",Bagworm Pokémon,,21,1,None,forretress,,,,,,,,,,,,,,Ken Sugimori,1,"""It hangs and waits for flying-insect prey to come near. It does not move about much on its own."""
,205,forretress,bug,steel,277.3,"3'11""",Bagworm Pokémon,,45,2,pineco,None,,,,,,,,,,,,,,Ken Sugimori,2,"""It remains immovably rooted to its tree. It scatters pieces of its hard shell to drive its enemies away."""
,206,dunsparce,normal,None,30.9,"4'11""",Land Snake Pokémon,60,34,1,None,dudunsparce,,,Dig,CC,20,,"Flip a coin. If heads, prevent all damage done to this Pokemon by attacks during your opponent’s next turn.",,,,,,1,Ken Sugimori,1,"""If spotted, it escapes by burrowing with its tail. It can hover just slightly using its wings."""
,207,gligar,ground,flying,142.8,"3'07""",Fly Scorpion Pokémon,,36,1,None,gliscor,,,,,,,,,,,,,,Ken Sugimori,2,"""It usually clings to cliffs. When it spots its prey, it spreads its wings and glides down to attack."""
,208,steelix,steel,ground,881.8,"29'11""",Iron Snake Pokémon,140,55,2,onix,None,,,Metal Defender,SCC,50,,"During your opponent’s next turn, this pokemon has no weakness.",Iron Tail,SSCC,100,x,Flip a coin until you get tails. This attack does 100 damage times the number of heads.,4,Ken Sugimori,3,"""It is said that if an ONIX lives for over 100 years, its composition changes to become diamond-like."""
,209,snubbull,fairy,None,17.2,"2'00""",Fairy Pokémon,,21,1,None,granbull,,,,,,,,,,,,,,Ken Sugimori,1,"""It has an active, playful nature. Many women like to frolic with it because of its affectionate ways."""
,210,granbull,fairy,None,107.4,"4'07""",Fairy Pokémon,,43,2,snubbull,None,,,,,,,,,,,,,,Ken Sugimori,2,"""Because its fangs are too heavy, it always keeps its head tilted down. However, its BITE is powerful."""
,211,qwilfish,water,poison,8.6,"1'08""",Balloon Pokémon,,36,1,None,overqwil,,,,,,,,,,,,,,Ken Sugimori,2,"""The small spikes covering its body developed from scales. They inject a toxin that causes fainting."""
,212,scizor,steel,bug,260.1,"5'11""",Pincer Pokémon,120,48,2,scyther,None,,,,,,,,,,,,,,Ken Sugimori,2,"""Its wings are not used for flying. They are flapped at high speed to adjust its body temperature."""
,213,shuckle,rock,bug,45.2,"2'00""",Mold Pokémon,80,54,1,None,None,,,,,,,,,,,,,,Ken Sugimori,2,"""It stores BERRIES inside its shell. To avoid attacks, it hides beneath rocks and remains completely still."""
,214,heracross,bug,fighting,119,"4'11""",Single Horn Pokémon,,45,1,None,None,,,,,,,,,,,,,,Ken Sugimori,2,"""Usually docile, but if disturbed while sipping honey, it chases off the intruder with its horn."""
,215,sneasel,dark,ice,61.7,"3'00""",Sharp Claw Pokémon,,37,1,None,weavile,,,,,,,,,,,,,,Ken Sugimori,2,"""Vicious in nature, it drives PIDGEY from their nests and feasts on the eggs that are left behind."""
,216,teddiursa,normal,None,19.4,"2'00""",Little Bear Pokémon,,24,1,None,ursaring,,,,,,,,,,,,,,Ken Sugimori,1,"""Before food becomes scarce in wintertime, its habit is to hoard food in many hidden locations."""
,217,ursaring,normal,None,277.3,"5'11""",Hibernator Pokémon,,48,2,teddiursa,ursaluna,,,,,,,,,,,,,,Ken Sugimori,2,"""With its ability to distinguish any smell, it unfailingly finds all food buried deep underground."""
,218,slugma,fire,None,77.2,"2'04""",Lava Pokémon,,15,1,None,magcargo,,,,,,,,,,,,,,Ken Sugimori,1,"""A common sight in volcanic areas, it slowly slithers around in a constant search for warm places."""
,219,magcargo,fire,rock,121.2,"2'08""",Lava Pokémon,,41,2,slugma,None,,,,,,,,,,,,,,Ken Sugimori,2,"""Its brittle shell occasionally spouts intense flames that circulate throughout its body."""
,220,swinub,ice,ground,14.3,"1'04""",Pig Pokémon,,14,1,None,piloswine,,,,,,,,,,,,,,Ken Sugimori,1,"""If it smells something enticing, it dashes off headlong to find the source of the aroma."""
,221,piloswine,ice,ground,123,"3'07""",Swine Pokémon,,41,2,swinub,mamoswine,,,,,,,,,,,,,,Ken Sugimori,2,"""If it charges at an enemy, the hairs on its back stand up straight. It is very sensitive to sound."""
,222,corsola,water,rock,11,"2'00""",Coral Pokémon,70,33,1,None,cursola,,,Recover,W,0,,Heal 30 damage and remove all Special Conditions from this Pokemon.,Surf,WCC,60,,,,Ken Sugimori,1,"""In a south sea nation, the people live in communities that are built on groups of these Pokémon."""
,223,remoraid,water,None,26.5,"2'00""",Jet Pokémon,60,20,1,None,octillery,,,,,,,,,,,,,0,Ken Sugimori,1,"""Using its dorsal fin as a suction pad, it clings to a MANTINE's underside to scavenge for leftovers."""
,224,octillery,water,None,62.8,"3'00""",Jet Pokémon,90,44,2,remoraid,None,,,,,,,,,,,,,,Ken Sugimori,2,"""It instinctively sneaks into rocky holes. If it gets sleepy, it steals the nest of a fellow OCTILLERY."""
,225,delibird,ice,flying,35.3,"3'00""",Delivery Pokémon,,24,1,None,None,,,,,,,,,,,,,,Ken Sugimori,1,"""It nests at the edge of sharp cliffs. It spends all day carrying food to its awaiting chicks."""
,226,mantine,water,flying,485,"6'10""",Kite Pokémon,,44,1,mantyke,None,,,,,,,,,,,,,,Ken Sugimori,2,"""Swimming freely in open seas, it may fly out of the water and over the waves if it builds up enough speed."""
,227,skarmory,steel,flying,111.3,"5'07""",Armor Bird Pokémon,,42,1,None,None,,,,,,,,,,,,,,Ken Sugimori,2,"""After nesting in bramble bushes, the wings of its chicks grow hard from scratches by thorns."""
,228,houndour,dark,fire,23.8,"2'00""",Dark Pokémon,,24,1,None,houndoom,,,,,,,,,,,,,,Ken Sugimori,1,"""To corner prey, they check each other's location using barks that only they can understand."""
,229,houndoom,dark,fire,77.2,"4'07""",Dark Pokémon,,47,2,houndour,None,,,,,,,,,,,,,,Ken Sugimori,2,"""Upon hearing its eerie howls, other Pokémon get the shivers and head straight back to their nests."""
,230,kingdra,water,dragon,335.1,"5'11""",Dragon Pokémon,140,51,3,seadra,None,Dragon Veil,"As long as this Pokemon is on your Bench, your pokemon have no weakness.",Dragon Tornado,WWCC,100,,Choose 1 of your opponent’s Benched pokemon and switch it with the defending pokemon.,,,,,,2,Ken Sugimori,3,"""It sleeps deep on the ocean floor to build its energy. It is said to cause tornadoes as it wakes."""
,231,phanpy,ground,None,73.8,"1'08""",Long Nose Pokémon,50,25,1,None,donphan,,,,,,,,,,,,,,Ken Sugimori,1,"""As a sign of affection, it bumps with its snout. However, it is so strong, it may send you flying."""
,232,donphan,ground,None,264.5,"3'07""",Armor Pokémon,100,48,2,phanpy,None,,,,,,,,,,,,,,Ken Sugimori,2,"""The longer and bigger its tusks, the higher its rank in its herd. The tusks take a long time to grow."""
,233,porygon2,normal,None,71.6,"2'00""",Virtual Pokémon,80,47,2,porygon,porygon-z,,,Conversion 4,C,0,,Choose 1 Energy type. This pokemon’s Resistance is now that type until the end of your next turn.,Zap Cannon,CCC,80,,This Pokemon can’t use this attack during your next turn.,2,Ken Sugimori,2,"""Further research enhanced its abilities. Sometimes, it may exhibit motions that were not programmed."""
,234,stantler,normal,None,157,"4'07""",Big Horn Pokémon,,38,1,None,wyrdeer,,,,,,,,,,,,,,Ken Sugimori,2,"""Those who stare at its antlers will gradually lose control of their senses and be unable to stand."""
,235,smeargle,normal,None,127.9,"3'11""",Painter Pokémon,70,16,1,None,None,,,Sketch,CC,0,,"If this Pokemon was attacked last turn, use that attack on the Defending Pokemon.",,,,,,1,Ken Sugimori,1,"""Once it becomes an adult, it has a tendency to let its comrades plant footprints on its back."""
,236,tyrogue,fighting,None,46.3,"2'04""",Scuffle Pokémon,40,5,0,None,hitmonlee,,,,,,,,,,,,,,Ken Sugimori,1,"""Even though it is small, it can't be ignored because it will slug any handy target without warning."""
,237,hitmontop,fighting,None,105.8,"4'07""",Handstand Pokémon,90,39,1,tyrogue,None,,,,,,,,,,,,,,Ken Sugimori,2,"""It launches kicks while spinning. If it spins at high speed, it may bore its way into the ground."""
,238,smoochum,ice,psychic,13.2,"1'04""",Kiss Pokémon,,5,0,None,jynx,,,,,,,,,,,,,,Ken Sugimori,2,"""It always rocks its head slowly backwards and forwards as if it is trying to kiss someone."""
,239,elekid,electric,None,51.8,"2'00""",Electric Pokémon,,5,0,None,electabuzz,,,,,,,,,,,,,,Ken Sugimori,2,"""Even in the most vicious storm, this Pokémon plays happily if thunder rumbles in the sky."""
,240,magby,fire,None,47.2,"2'04""",Live Coal Pokémon,,5,0,None,magmar,,,,,,,,,,,,,,Ken Sugimori,2,"""It is found in volcanic craters. Its body heat exceeds 1,100 degrees Fahrenheit, so don't underestimate it."""
,241,miltank,normal,None,166.4,"3'11""",Milk Cow Pokémon,,42,1,None,None,,,,,,,,,,,,,,Ken Sugimori,2,"""If it has just had a baby, the milk it produces contains much more nutrition than usual."""
,242,blissey,normal,None,103.2,"4'11""",Happiness Pokémon,160,63,2,chansey,None,Softboiled,"Once during your turn (before your attack), you may flip a coin. If heads, heal 30 damage from your Active Pokemon.",Double-Edge,CCCC,80,,This pokemon does 60 damage to itself.,,,,,,3,Ken Sugimori,3,"""It has a very compassionate nature. If it sees a sick Pokémon, it will nurse the sufferer back to health."""
,243,raikou,electric,None,392.4,"6'03""",Thunder Pokémon,,52,1,None,None,,,,,,,,,,,,,,Ken Sugimori,3,"""This Pokémon races across the land while barking a cry that sounds like crashing thunder."""
,244,entei,fire,None,436.5,"6'10""",Volcano Pokémon,,52,1,None,None,,,,,,,,,,,,,,Ken Sugimori,3,"""A Pokémon that races across the land. It is said that one is born every time a new volcano appears."""
,245,suicune,water,None,412.2,"6'06""",Aurora Pokémon,,52,1,None,None,,,,,,,,,,,,,,Ken Sugimori,3,"""This Pokémon races across the land. It is said that north winds will somehow blow whenever it appears."""
,246,larvitar,rock,ground,158.7,"2'00""",Rock Skin Pokémon,50,20,1,None,pupitar,,,Reckless Charge,C,20,,This pokemon does 10 damage to itself.,,,,,,1,Ken Sugimori,1,"""It is born deep underground. It can't emerge until it has entirely consumed the soil around it."""
,247,pupitar,rock,ground,335.1,"3'11""",Hard Shell Pokémon,80,36,2,larvitar,tyranitar,,,Skull Bash,CC,20,,,Dust Devil,RR,0,,This attack does 20 damage to each non-fighting type Pokemon (both yours and your opponent’s).,2,Ken Sugimori,2,"""Even sealed in its shell, it can move freely. Hard and fast, it has outstanding destructive power."""
,248,tyranitar,dark,rock,445.3,"6'06""",Armor Pokémon,160,61,3,pupitar,None,,,Tail Crush,CCC,60,x,Flip 2 coins. This attack does 60 damage times the number of heads.,Hyper Beam,DDCC,120,,Discard an Energy attached to your opponent’s Active Pokemon.,4,Ken Sugimori,3,"""Its body can't be harmed by any sort of attack, so it is very eager to make challenges against enemies."""
,249,lugia,psychic,flying,476.2,"16'11""",Diving Pokémon,,65,1,None,None,,,,,,,,,,,,,,Ken Sugimori,3,"""It is said to be the guardian of the seas. It is rumored to have been seen on the night of a storm."""
,250,ho-oh,fire,flying,438.7,"12'05""",Rainbow Pokémon,,65,1,None,None,,,,,,,,,,,,,,Ken Sugimori,3,"""A legend says that its body glows in seven colors. A rainbow is said to form behind it when it flies."""
,251,celebi,grass,psychic,11,"2'00""",Time Travel Pokémon,50,53,1,None,None,Time Travel,"When this Pokemon is Knocked Out, flip a coin. If heads, shuffle this Pokemon and all cards attached to it into your deck.",Leech Seed,G,10,,Heal 10 damage from this Pokemon.,,,,,,1,Ken Sugimori,3,"""When CELEBI disappears deep in a forest, it is said to leave behind an egg it brought from the future."""
